<?xml version="1.0" encoding="UTF-8"?>
<project-private xmlns="http://www.netbeans.org/ns/project-private/1">
    <editor-bookmarks xmlns="http://www.netbeans.org/ns/editor-bookmarks/2" lastBookmarkId="0"/>
    <open-files xmlns="http://www.netbeans.org/ns/projectui-open-files/2">
        <group>
            <file>file:/C:/Users/PAOLO/Documents/NetBeansProjects/HTML5Basic/Gruntfile.js</file>
            <file>file:/C:/Users/PAOLO/Documents/NetBeansProjects/HTML5Basic/bower.json</file>
            <file>file:/C:/Users/PAOLO/Documents/NetBeansProjects/HTML5Basic/package.json</file>
            <file>file:/C:/Users/PAOLO/Documents/NetBeansProjects/HTML5Basic/gulpfile.js</file>
            <file>file:/C:/Users/PAOLO/Documents/NetBeansProjects/HTML5Basic/.bowerrc</file>
        </group>
    </open-files>
</project-private>
